mihir.suhanda01@sarasai.org,MIHI123,Mihir,Suhanda,23
umar.farooq01@sarasai.org,UMAR123,Umar,Farooq,18
shri.harshan01@sarasai.org,SHRI123,Shri,Harshan,20
ujjwal.kalra01@sarasai.org,UJJW123,Ujjwal,Kalra,22
khushi.g@sarasai.org,Khushi123,Khushi,Gupta,23
gaurav.singh@sarasai.org,Gaurav123,Gaurav,Singh,42
anshuman@sarasai.org,Anshuman123,Anshuman,Singh,38
vishnu@sarasai.org,Vishnu123,Vishnu,Tiwari,28
shailesh@sarasai.org,Shailesh123,Shailesh,Kumar,40
sakshi.g@sarasai.org,Sakshi123,Sakshi,Garg,28